dataset,corruption_type,stress_level,seed,edge_index,source,target
digits,hub,0.3,101,0,0,113
digits,hub,0.3,101,1,1,113
digits,hub,0.3,101,2,2,113
digits,hub,0.3,101,3,3,113
digits,hub,0.3,101,4,4,113
digits,hub,0.3,101,5,5,113
digits,hub,0.3,101,6,6,113
digits,hub,0.3,101,7,7,113
digits,hub,0.3,101,8,10,113
digits,hub,0.3,101,9,11,113
digits,hub,0.3,101,10,12,113
digits,hub,0.3,101,11,13,113
digits,hub,0.3,101,12,14,113
digits,hub,0.3,101,13,15,113
digits,hub,0.3,101,14,16,113
digits,hub,0.3,101,15,17,113
digits,hub,0.3,101,16,18,113
digits,hub,0.3,101,17,19,113
digits,hub,0.3,101,18,20,113
digits,hub,0.3,101,19,21,113
digits,hub,0.3,101,20,22,113
digits,hub,0.3,101,21,23,113
digits,hub,0.3,101,22,24,113
digits,hub,0.3,101,23,25,113
digits,hub,0.3,101,24,26,113
digits,hub,0.3,101,25,27,113
digits,hub,0.3,101,26,28,113
digits,hub,0.3,101,27,29,113
digits,hub,0.3,101,28,30,113
digits,hub,0.3,101,29,32,113
digits,hub,0.3,101,30,33,113
digits,hub,0.3,101,31,35,113
digits,hub,0.3,101,32,36,113
digits,hub,0.3,101,33,38,113
digits,hub,0.3,101,34,39,113
digits,hub,0.3,101,35,40,113
digits,hub,0.3,101,36,41,113
digits,hub,0.3,101,37,42,113
digits,hub,0.3,101,38,43,113
digits,hub,0.3,101,39,44,113
digits,hub,0.3,101,40,45,113
digits,hub,0.3,101,41,46,113
digits,hub,0.3,101,42,47,113
digits,hub,0.3,101,43,48,113
digits,hub,0.3,101,44,49,113
digits,hub,0.3,101,45,50,113
digits,hub,0.3,101,46,51,113
digits,hub,0.3,101,47,52,113
digits,hub,0.3,101,48,53,113
digits,hub,0.3,101,49,54,113
digits,hub,0.3,101,50,55,113
digits,hub,0.3,101,51,56,113
digits,hub,0.3,101,52,57,113
digits,hub,0.3,101,53,58,113
digits,hub,0.3,101,54,59,113
digits,hub,0.3,101,55,60,113
digits,hub,0.3,101,56,61,113
digits,hub,0.3,101,57,62,113
digits,hub,0.3,101,58,63,113
digits,hub,0.3,101,59,64,113
digits,hub,0.3,101,60,65,113
digits,hub,0.3,101,61,66,113
digits,hub,0.3,101,62,68,113
digits,hub,0.3,101,63,69,113
digits,hub,0.3,101,64,70,113
digits,hub,0.3,101,65,71,113
digits,hub,0.3,101,66,72,113
digits,hub,0.3,101,67,73,113
digits,hub,0.3,101,68,74,113
digits,hub,0.3,101,69,75,113
digits,hub,0.3,101,70,76,113
digits,hub,0.3,101,71,77,113
digits,hub,0.3,101,72,78,113
digits,hub,0.3,101,73,79,113
digits,hub,0.3,101,74,80,113
digits,hub,0.3,101,75,81,113
digits,hub,0.3,101,76,82,113
digits,hub,0.3,101,77,83,113
digits,hub,0.3,101,78,84,113
digits,hub,0.3,101,79,85,113
digits,hub,0.3,101,80,86,113
digits,hub,0.3,101,81,87,113
digits,hub,0.3,101,82,88,113
digits,hub,0.3,101,83,89,113
digits,hub,0.3,101,84,90,113
digits,hub,0.3,101,85,91,113
digits,hub,0.3,101,86,92,113
digits,hub,0.3,101,87,93,113
digits,hub,0.3,101,88,94,113
digits,hub,0.3,101,89,95,113
digits,hub,0.3,101,90,97,113
digits,hub,0.3,101,91,98,113
digits,hub,0.3,101,92,99,113
digits,hub,0.3,101,93,100,113
digits,hub,0.3,101,94,101,113
digits,hub,0.3,101,95,102,113
digits,hub,0.3,101,96,105,113
digits,hub,0.3,101,97,107,113
digits,hub,0.3,101,98,108,113
digits,hub,0.3,101,99,110,113
digits,hub,0.3,101,100,111,113
digits,hub,0.3,101,101,112,113
digits,hub,0.3,101,102,113,114
digits,hub,0.3,101,103,113,116
digits,hub,0.3,101,104,113,117
digits,hub,0.3,101,105,113,118
digits,hub,0.3,101,106,113,119
digits,hub,0.3,101,107,113,120
digits,hub,0.3,101,108,113,121
digits,hub,0.3,101,109,113,122
digits,hub,0.3,101,110,113,123
digits,hub,0.3,101,111,113,124
digits,hub,0.3,101,112,113,125
digits,hub,0.3,101,113,113,126
digits,hub,0.3,101,114,113,127
digits,hub,0.3,101,115,113,128
digits,hub,0.3,101,116,113,129
digits,hub,0.3,101,117,113,130
digits,hub,0.3,101,118,113,131
digits,hub,0.3,101,119,113,132
digits,hub,0.3,101,120,113,133
digits,hub,0.3,101,121,113,134
digits,hub,0.3,101,122,113,135
digits,hub,0.3,101,123,113,137
digits,hub,0.3,101,124,113,138
digits,hub,0.3,101,125,113,139
digits,hub,0.3,101,126,113,140
digits,hub,0.3,101,127,113,141
digits,hub,0.3,101,128,113,142
digits,hub,0.3,101,129,113,143
digits,hub,0.3,101,130,113,144
digits,hub,0.3,101,131,113,145
digits,hub,0.3,101,132,113,146
digits,hub,0.3,101,133,113,147
digits,hub,0.3,101,134,113,148
digits,hub,0.3,101,135,113,149
digits,hub,0.3,101,136,113,150
digits,hub,0.3,101,137,113,151
digits,hub,0.3,101,138,113,153
digits,hub,0.3,101,139,113,154
digits,hub,0.3,101,140,113,155
digits,hub,0.3,101,141,113,156
digits,hub,0.3,101,142,113,157
digits,hub,0.3,101,143,113,158
digits,hub,0.3,101,144,113,159
digits,hub,0.3,101,145,113,160
digits,hub,0.3,101,146,113,161
digits,hub,0.3,101,147,113,162
digits,hub,0.3,101,148,113,163
digits,hub,0.3,101,149,113,164
digits,hub,0.3,101,150,113,165
digits,hub,0.3,101,151,113,166
digits,hub,0.3,101,152,113,167
digits,hub,0.3,101,153,113,168
digits,hub,0.3,101,154,113,169
digits,hub,0.3,101,155,113,170
digits,hub,0.3,101,156,113,171
digits,hub,0.3,101,157,113,172
digits,hub,0.3,101,158,113,173
digits,hub,0.3,101,159,113,174
digits,hub,0.3,101,160,113,175
digits,hub,0.3,101,161,113,176
digits,hub,0.3,101,162,113,177
digits,hub,0.3,101,163,113,178
digits,hub,0.3,101,164,113,179
digits,hub,0.3,101,165,113,180
digits,hub,0.3,101,166,113,181
digits,hub,0.3,101,167,113,183
digits,hub,0.3,101,168,113,184
digits,hub,0.3,101,169,113,185
digits,hub,0.3,101,170,113,186
digits,hub,0.3,101,171,113,187
digits,hub,0.3,101,172,113,188
digits,hub,0.3,101,173,113,189
digits,hub,0.3,101,174,113,190
digits,hub,0.3,101,175,113,191
digits,hub,0.3,101,176,113,193
digits,hub,0.3,101,177,113,194
digits,hub,0.3,101,178,113,195
digits,hub,0.3,101,179,113,196
digits,hub,0.3,101,180,113,197
digits,hub,0.3,101,181,113,198
digits,hub,0.3,101,182,113,199
